-- BuxibanOS Pilot Seed Data
-- Auth users already created with UUIDs:
--   director@xiong-buxiban.com => 01cc6632-c8ef-414c-8a9b-9ea72a7d3811
--   wang@xiong-buxiban.com     => 11df0d93-eafd-4ec8-975b-d29e5ce8f1fe
--   lin@xiong-buxiban.com      => c8aa34f2-de54-4b66-bbfe-1b681523f5a7
--   chen@xiong-buxiban.com     => 8014a0c3-d933-429a-8187-f877c2fc6b83
--   li@xiong-buxiban.com       => 313096b6-41a1-4eb6-941d-fb7c9efb86e5

-- ORGANIZATION
INSERT INTO organizations (id, name, slug, settings, notification_config)
VALUES (
  '00000000-0000-0000-0000-000000000001',
  '熊老師補習班',
  'xiong-buxiban',
  '{"fee_cycle": "monthly", "timezone": "Asia/Taipei", "academic_year": "2025-2026"}',
  '{"digest_hour": 18, "urgent_push": true}'
)
ON CONFLICT (id) DO NOTHING;

-- STAFF
INSERT INTO staff (id, organization_id, full_name, role, supabase_user_id, subjects, is_active) VALUES
  ('10000000-0000-0000-0000-000000000001', '00000000-0000-0000-0000-000000000001', '熊老師', 'director',    '01cc6632-c8ef-414c-8a9b-9ea72a7d3811', ARRAY['english','math'],    true),
  ('10000000-0000-0000-0000-000000000002', '00000000-0000-0000-0000-000000000001', '王老師', 'teacher',     '11df0d93-eafd-4ec8-975b-d29e5ce8f1fe', ARRAY['english'],           true),
  ('10000000-0000-0000-0000-000000000003', '00000000-0000-0000-0000-000000000001', '林老師', 'teacher',     'c8aa34f2-de54-4b66-bbfe-1b681523f5a7', ARRAY['math'],              true),
  ('10000000-0000-0000-0000-000000000004', '00000000-0000-0000-0000-000000000001', '陳老師', 'teacher',     '8014a0c3-d933-429a-8187-f877c2fc6b83', ARRAY['science'],           true),
  ('10000000-0000-0000-0000-000000000005', '00000000-0000-0000-0000-000000000001', '李老師', 'teacher',     '313096b6-41a1-4eb6-941d-fb7c9efb86e5', ARRAY['chinese'],           true);

-- CLASSES
INSERT INTO classes (id, organization_id, name, subject, teacher_id, schedule, max_students, is_active) VALUES
  ('20000000-0000-0000-0000-000000000001', '00000000-0000-0000-0000-000000000001', '英文初級班', 'english', '10000000-0000-0000-0000-000000000002',
    '{"monday": "16:00-17:30", "wednesday": "16:00-17:30"}', 15, true),
  ('20000000-0000-0000-0000-000000000002', '00000000-0000-0000-0000-000000000001', '英文中級班', 'english', '10000000-0000-0000-0000-000000000002',
    '{"tuesday": "17:30-19:00", "thursday": "17:30-19:00"}', 15, true),
  ('20000000-0000-0000-0000-000000000003', '00000000-0000-0000-0000-000000000001', '數學A班',   'math',    '10000000-0000-0000-0000-000000000003',
    '{"monday": "18:00-19:00", "wednesday": "18:00-19:00", "friday": "18:00-19:00"}', 12, true),
  ('20000000-0000-0000-0000-000000000004', '00000000-0000-0000-0000-000000000001', '自然科學班', 'science', '10000000-0000-0000-0000-000000000004',
    '{"saturday": "09:00-11:00"}', 20, true),
  ('20000000-0000-0000-0000-000000000005', '00000000-0000-0000-0000-000000000001', '國文寫作班', 'chinese', '10000000-0000-0000-0000-000000000005',
    '{"tuesday": "16:30-18:00", "friday": "16:30-18:00"}', 18, true);

-- STUDENTS (20 pilot students)
INSERT INTO students (id, organization_id, full_name, display_name, grade_level, class_ids, assigned_teacher_id, enrollment_status, enrollment_date) VALUES
  ('30000000-0000-0000-0000-000000000001', '00000000-0000-0000-0000-000000000001', '陳柏安', '柏安', '國中一年級', ARRAY['20000000-0000-0000-0000-000000000001'::uuid, '20000000-0000-0000-0000-000000000003'::uuid], '10000000-0000-0000-0000-000000000002', 'active', '2024-09-01'),
  ('30000000-0000-0000-0000-000000000002', '00000000-0000-0000-0000-000000000001', '林宜蓁', '宜蓁', '國中二年級', ARRAY['20000000-0000-0000-0000-000000000001'::uuid, '20000000-0000-0000-0000-000000000005'::uuid], '10000000-0000-0000-0000-000000000002', 'active', '2024-09-01'),
  ('30000000-0000-0000-0000-000000000003', '00000000-0000-0000-0000-000000000001', '張家豪', '家豪', '國小六年級', ARRAY['20000000-0000-0000-0000-000000000002'::uuid], '10000000-0000-0000-0000-000000000002', 'active', '2024-02-01'),
  ('30000000-0000-0000-0000-000000000004', '00000000-0000-0000-0000-000000000001', '黃雅婷', '雅婷', '國中三年級', ARRAY['20000000-0000-0000-0000-000000000002'::uuid, '20000000-0000-0000-0000-000000000003'::uuid], '10000000-0000-0000-0000-000000000003', 'active', '2023-09-01'),
  ('30000000-0000-0000-0000-000000000005', '00000000-0000-0000-0000-000000000001', '王俊傑', '俊傑', '國中一年級', ARRAY['20000000-0000-0000-0000-000000000003'::uuid, '20000000-0000-0000-0000-000000000004'::uuid], '10000000-0000-0000-0000-000000000003', 'active', '2024-09-01'),
  ('30000000-0000-0000-0000-000000000006', '00000000-0000-0000-0000-000000000001', '吳佳穎', '佳穎', '國小五年級', ARRAY['20000000-0000-0000-0000-000000000004'::uuid], '10000000-0000-0000-0000-000000000004', 'active', '2025-02-01'),
  ('30000000-0000-0000-0000-000000000007', '00000000-0000-0000-0000-000000000001', '李承翰', '承翰', '國中二年級', ARRAY['20000000-0000-0000-0000-000000000003'::uuid, '20000000-0000-0000-0000-000000000005'::uuid], '10000000-0000-0000-0000-000000000005', 'active', '2024-03-01'),
  ('30000000-0000-0000-0000-000000000008', '00000000-0000-0000-0000-000000000001', '劉詩琪', '詩琪', '國中一年級', ARRAY['20000000-0000-0000-0000-000000000001'::uuid, '20000000-0000-0000-0000-000000000005'::uuid], '10000000-0000-0000-0000-000000000005', 'active', '2024-09-01'),
  ('30000000-0000-0000-0000-000000000009', '00000000-0000-0000-0000-000000000001', '蔡明志', '明志', '高中一年級', ARRAY['20000000-0000-0000-0000-000000000002'::uuid, '20000000-0000-0000-0000-000000000004'::uuid], '10000000-0000-0000-0000-000000000002', 'active', '2023-02-01'),
  ('30000000-0000-0000-0000-000000000010', '00000000-0000-0000-0000-000000000001', '許雅筑', '雅筑', '國中三年級', ARRAY['20000000-0000-0000-0000-000000000004'::uuid, '20000000-0000-0000-0000-000000000005'::uuid], '10000000-0000-0000-0000-000000000004', 'active', '2024-01-01'),
  ('30000000-0000-0000-0000-000000000011', '00000000-0000-0000-0000-000000000001', '魏宇翰', '宇翰', '國小四年級', ARRAY['20000000-0000-0000-0000-000000000001'::uuid], '10000000-0000-0000-0000-000000000002', 'active', '2025-02-01'),
  ('30000000-0000-0000-0000-000000000012', '00000000-0000-0000-0000-000000000001', '余欣妤', '欣妤', '國中二年級', ARRAY['20000000-0000-0000-0000-000000000002'::uuid, '20000000-0000-0000-0000-000000000003'::uuid], '10000000-0000-0000-0000-000000000003', 'active', '2024-09-01'),
  ('30000000-0000-0000-0000-000000000013', '00000000-0000-0000-0000-000000000001', '謝子豪', '子豪', '國中一年級', ARRAY['20000000-0000-0000-0000-000000000003'::uuid], '10000000-0000-0000-0000-000000000003', 'active', '2024-09-01'),
  ('30000000-0000-0000-0000-000000000014', '00000000-0000-0000-0000-000000000001', '曾桂妤', '桂妤', '高中二年級', ARRAY['20000000-0000-0000-0000-000000000002'::uuid, '20000000-0000-0000-0000-000000000005'::uuid], '10000000-0000-0000-0000-000000000005', 'active', '2022-09-01'),
  ('30000000-0000-0000-0000-000000000015', '00000000-0000-0000-0000-000000000001', '楊加恩', '加恩', '國小六年級', ARRAY['20000000-0000-0000-0000-000000000001'::uuid, '20000000-0000-0000-0000-000000000004'::uuid], '10000000-0000-0000-0000-000000000004', 'active', '2024-09-01'),
  ('30000000-0000-0000-0000-000000000016', '00000000-0000-0000-0000-000000000001', '洪詩涵', '詩涵', '國中三年級', ARRAY['20000000-0000-0000-0000-000000000003'::uuid, '20000000-0000-0000-0000-000000000004'::uuid], '10000000-0000-0000-0000-000000000004', 'active', '2023-09-01'),
  ('30000000-0000-0000-0000-000000000017', '00000000-0000-0000-0000-000000000001', '江彥廷', '彥廷', '國中一年級', ARRAY['20000000-0000-0000-0000-000000000001'::uuid, '20000000-0000-0000-0000-000000000003'::uuid], '10000000-0000-0000-0000-000000000002', 'active', '2025-01-01'),
  ('30000000-0000-0000-0000-000000000018', '00000000-0000-0000-0000-000000000001', '廖思妤', '思妤', '國小五年級', ARRAY['20000000-0000-0000-0000-000000000005'::uuid], '10000000-0000-0000-0000-000000000005', 'active', '2024-09-01'),
  ('30000000-0000-0000-0000-000000000019', '00000000-0000-0000-0000-000000000001', '潘品翔', '品翔', '國中二年級', ARRAY['20000000-0000-0000-0000-000000000002'::uuid, '20000000-0000-0000-0000-000000000004'::uuid], '10000000-0000-0000-0000-000000000003', 'active', '2024-02-01'),
  ('30000000-0000-0000-0000-000000000020', '00000000-0000-0000-0000-000000000001', '湯雅琪', '雅琪', '國中三年級', ARRAY['20000000-0000-0000-0000-000000000003'::uuid, '20000000-0000-0000-0000-000000000005'::uuid], '10000000-0000-0000-0000-000000000005', 'paused', '2023-09-01');

-- PARENTS
INSERT INTO parents (id, organization_id, full_name, email, phone, student_ids, notification_pref, preferred_language, invite_code) VALUES
  ('40000000-0000-0000-0000-000000000001', '00000000-0000-0000-0000-000000000001', '陳志明', 'chen.zhiming@gmail.com',   '0912-345-001', ARRAY['30000000-0000-0000-0000-000000000001'::uuid], 'urgent_and_digest', 'zh-TW', 'INV-001-CHEN'),
  ('40000000-0000-0000-0000-000000000002', '00000000-0000-0000-0000-000000000001', '林淑芬', 'lin.shufen@gmail.com',     '0912-345-002', ARRAY['30000000-0000-0000-0000-000000000002'::uuid], 'all',               'zh-TW', 'INV-002-LIN'),
  ('40000000-0000-0000-0000-000000000003', '00000000-0000-0000-0000-000000000001', '張建國', 'zhang.jianguo@yahoo.com',  '0912-345-003', ARRAY['30000000-0000-0000-0000-000000000003'::uuid], 'urgent_only',       'zh-TW', 'INV-003-ZHANG'),
  ('40000000-0000-0000-0000-000000000004', '00000000-0000-0000-0000-000000000001', '黃美珠', 'huang.meizhu@gmail.com',   '0912-345-004', ARRAY['30000000-0000-0000-0000-000000000004'::uuid], 'urgent_and_digest', 'zh-TW', 'INV-004-HUANG'),
  ('40000000-0000-0000-0000-000000000005', '00000000-0000-0000-0000-000000000001', '王秀英', 'wang.xiuying@gmail.com',   '0912-345-005', ARRAY['30000000-0000-0000-0000-000000000005'::uuid], 'all',               'zh-TW', 'INV-005-WANG'),
  ('40000000-0000-0000-0000-000000000006', '00000000-0000-0000-0000-000000000001', '吳金龍', 'wu.jinlong@hotmail.com',   '0912-345-006', ARRAY['30000000-0000-0000-0000-000000000006'::uuid], 'digest_only',       'zh-TW', 'INV-006-WU'),
  ('40000000-0000-0000-0000-000000000007', '00000000-0000-0000-0000-000000000001', '李淑華', 'li.shuhua@gmail.com',      '0912-345-007', ARRAY['30000000-0000-0000-0000-000000000007'::uuid], 'urgent_and_digest', 'zh-TW', 'INV-007-LI'),
  ('40000000-0000-0000-0000-000000000008', '00000000-0000-0000-0000-000000000001', '劉正雄', 'liu.zhengxiong@gmail.com', '0912-345-008', ARRAY['30000000-0000-0000-0000-000000000008'::uuid], 'all',               'zh-TW', 'INV-008-LIU'),
  ('40000000-0000-0000-0000-000000000009', '00000000-0000-0000-0000-000000000001', '蔡麗娟', 'cai.lijuan@gmail.com',     '0912-345-009', ARRAY['30000000-0000-0000-0000-000000000009'::uuid], 'urgent_only',       'zh-TW', 'INV-009-CAI'),
  ('40000000-0000-0000-0000-000000000010', '00000000-0000-0000-0000-000000000001', '許文雄', 'xu.wenxiong@yahoo.com',    '0912-345-010', ARRAY['30000000-0000-0000-0000-000000000010'::uuid], 'urgent_and_digest', 'zh-TW', 'INV-010-XU'),
  ('40000000-0000-0000-0000-000000000011', '00000000-0000-0000-0000-000000000001', '魏國華', 'zheng.guohua@gmail.com',   '0912-345-011',
    ARRAY['30000000-0000-0000-0000-000000000011'::uuid, '30000000-0000-0000-0000-000000000012'::uuid], 'all', 'zh-TW', 'INV-011-ZHENG');

-- MESSAGES (realistic buxiban scenarios)
INSERT INTO messages (id, organization_id, sender_name, sender_type, receiver_name, receiver_type, primary_student, message_type, priority, action_required, summary, original_content, confidence, staff_responded, processed_at, additional_students, media_urls) VALUES
  ('50000000-0000-0000-0000-000000000001', '00000000-0000-0000-0000-000000000001',
    '陳志明', 'parent', '王老師', 'teacher', '陳柏安',
    'emergency', 'high', true,
    '學生發燒需提早離開，家長已在樓下等候',
    '王老師您好，柏安今天下午突然發燒38.5度，我現在在補習班樓下，可以讓他提早離開嗎？謝謝',
    'high', false, NOW() - INTERVAL '25 minutes', '{}', '[]'),

  ('50000000-0000-0000-0000-000000000002', '00000000-0000-0000-0000-000000000001',
    '黃美珠', 'parent', '熊老師', 'admin', '黃雅婷',
    'complaint', 'high', true,
    '家長反映教學內容與考試脫節，要求說明',
    '熊老師，我想反映一下，雅婷最近段考考得不理想，我看了一下她的筆記，覺得補習班教學內容跟學校考試的重點差很多，可以請熊老師說明一下教學方向嗎？',
    'high', false, NOW() - INTERVAL '2 hours', '{}', '[]'),

  ('50000000-0000-0000-0000-000000000003', '00000000-0000-0000-0000-000000000001',
    '林淑芬', 'parent', '熊老師', 'admin', '林宜蓁',
    'payment', 'medium', true,
    '詢問三月份學費是否可延後繳納',
    '熊老師您好，不好意思，這個月家裡比較緊，宜蓁三月份的學費可以延到月底再繳嗎？非常謝謝',
    'high', false, NOW() - INTERVAL '3 hours', '{}', '[]'),

  ('50000000-0000-0000-0000-000000000004', '00000000-0000-0000-0000-000000000001',
    '王秀英', 'parent', '林老師', 'teacher', '王俊傑',
    'attendance', 'medium', false,
    '請假，學生今天因頭痛無法上課',
    '林老師好，俊傑今天下午四點多開始頭痛，數學課要請假，麻煩老師記錄一下，謝謝',
    'high', true, NOW() - INTERVAL '4 hours', '{}', '[]'),

  ('50000000-0000-0000-0000-000000000005', '00000000-0000-0000-0000-000000000001',
    '蔡麗娟', 'parent', '王老師', 'teacher', '蔡明志',
    'schedule', 'medium', true,
    '詢問下週補課時間安排',
    '王老師您好，請問下週二清明節補習班會正常上課嗎？明志說好像有補課但他不確定時間，可以麻煩老師確認一下嗎？',
    'high', false, NOW() - INTERVAL '5 hours', '{}', '[]'),

  ('50000000-0000-0000-0000-000000000006', '00000000-0000-0000-0000-000000000001',
    '吳金龍', 'parent', '陳老師', 'teacher', '吳佳穎',
    'inquiry', 'low', false,
    '詢問自然科學班下學期課程內容',
    '陳老師好，想請問一下，佳穎下學期的自然課會上到哪些單元呢？她對生物比較有興趣，想知道有沒有相關內容',
    'medium', true, NOW() - INTERVAL '1 day', '{}', '[]'),

  ('50000000-0000-0000-0000-000000000007', '00000000-0000-0000-0000-000000000001',
    '李淑華', 'parent', '林老師', 'teacher', '李承翰',
    'general', 'low', false,
    '感謝老師耐心指導，孩子作文進步明顯',
    '林老師您好，承翰這次學校作文考了85分，他說是因為補習班練習了很多，謝謝老師這學期的用心指導，我們都很感激',
    'high', true, NOW() - INTERVAL '2 days', '{}', '[]'),

  ('50000000-0000-0000-0000-000000000008', '00000000-0000-0000-0000-000000000001',
    '劉正雄', 'parent', '李老師', 'teacher', '劉詩琪',
    'emergency', 'high', true,
    '家長緊急聯繫，無法來接學生，需安排等候',
    '李老師您好，非常抱歉，我今天臨時被公司叫回來開會，沒辦法準時去接詩琪，大概會晚半小時到，請問可以讓她在補習班等我嗎？',
    'high', false, NOW() - INTERVAL '10 minutes', '{}', '[]'),

  ('50000000-0000-0000-0000-000000000009', '00000000-0000-0000-0000-000000000001',
    '許文雄', 'parent', '熊老師', 'admin', '許雅筑',
    'payment', 'medium', true,
    '確認匯款已完成，請查收',
    '熊老師您好，雅筑二月份的費用剛才已經匯款了，匯款帳號末五碼是34521，麻煩確認一下，謝謝',
    'high', false, NOW() - INTERVAL '6 hours', '{}', '[]');

-- FEE RECORDS
INSERT INTO fee_records (organization_id, student_id, period, amount_ntd, status, due_date, paid_date, payment_method) VALUES
  ('00000000-0000-0000-0000-000000000001', '30000000-0000-0000-0000-000000000001', '2026-02', 4800, 'paid',    '2026-02-05', '2026-02-03', 'bank_transfer'),
  ('00000000-0000-0000-0000-000000000001', '30000000-0000-0000-0000-000000000002', '2026-02', 5200, 'paid',    '2026-02-05', '2026-02-04', 'cash'),
  ('00000000-0000-0000-0000-000000000001', '30000000-0000-0000-0000-000000000004', '2026-02', 6000, 'paid',    '2026-02-05', '2026-02-01', 'bank_transfer'),
  ('00000000-0000-0000-0000-000000000001', '30000000-0000-0000-0000-000000000007', '2026-02', 4800, 'paid',    '2026-02-05', '2026-02-06', 'cash'),
  ('00000000-0000-0000-0000-000000000001', '30000000-0000-0000-0000-000000000003', '2026-03', 3600, 'pending', '2026-03-05', NULL, NULL),
  ('00000000-0000-0000-0000-000000000001', '30000000-0000-0000-0000-000000000005', '2026-03', 4800, 'pending', '2026-03-05', NULL, NULL),
  ('00000000-0000-0000-0000-000000000001', '30000000-0000-0000-0000-000000000006', '2026-03', 3000, 'pending', '2026-03-05', NULL, NULL),
  ('00000000-0000-0000-0000-000000000001', '30000000-0000-0000-0000-000000000008', '2026-03', 4800, 'pending', '2026-03-05', NULL, NULL),
  ('00000000-0000-0000-0000-000000000001', '30000000-0000-0000-0000-000000000009', '2026-03', 6000, 'pending', '2026-03-05', NULL, NULL),
  ('00000000-0000-0000-0000-000000000001', '30000000-0000-0000-0000-000000000010', '2026-02', 5400, 'overdue', '2026-02-05', NULL, NULL),
  ('00000000-0000-0000-0000-000000000001', '30000000-0000-0000-0000-000000000012', '2026-02', 4800, 'overdue', '2026-02-05', NULL, NULL),
  ('00000000-0000-0000-0000-000000000001', '30000000-0000-0000-0000-000000000019', '2026-01', 4800, 'overdue', '2026-01-05', NULL, NULL);

-- TASKS
INSERT INTO tasks (organization_id, title, description, source_type, source_message_id, source_student_id, priority, status, assigned_to) VALUES
  ('00000000-0000-0000-0000-000000000001',
    '回覆陳柏安家長：學生發燒請假',
    '家長在樓下等候，需立即確認學生可提早離開',
    'ai_detected', '50000000-0000-0000-0000-000000000001', '30000000-0000-0000-0000-000000000001',
    'high', 'pending', '10000000-0000-0000-0000-000000000002'),

  ('00000000-0000-0000-0000-000000000001',
    '回覆黃雅婷家長：處理考試銜接問題',
    '家長對教學方向有疑慮，需主任親自回覆',
    'ai_detected', '50000000-0000-0000-0000-000000000002', '30000000-0000-0000-0000-000000000004',
    'high', 'pending', '10000000-0000-0000-0000-000000000001'),

  ('00000000-0000-0000-0000-000000000001',
    '確認林宜蓁學費延期繳納',
    '家長請求延至月底，需確認是否同意並通知家長',
    'ai_detected', '50000000-0000-0000-0000-000000000003', '30000000-0000-0000-0000-000000000002',
    'high', 'pending', '10000000-0000-0000-0000-000000000001'),

  ('00000000-0000-0000-0000-000000000001',
    '回覆蔡明志家長：清明節補課時間',
    '確認下週補課安排並通知家長',
    'ai_detected', '50000000-0000-0000-0000-000000000005', '30000000-0000-0000-0000-000000000009',
    'medium', 'pending', '10000000-0000-0000-0000-000000000002'),

  ('00000000-0000-0000-0000-000000000001',
    '追蹤許雅筑二月份逾期費用',
    '家長已匯款，需確認入帳並更新付款狀態',
    'ai_detected', '50000000-0000-0000-0000-000000000009', '30000000-0000-0000-0000-000000000010',
    'medium', 'pending', '10000000-0000-0000-0000-000000000001'),

  ('00000000-0000-0000-0000-000000000001',
    '追蹤潘品翔一月份逾期費用',
    '已逾期超50天，需聯繫家長',
    'system', NULL, '30000000-0000-0000-0000-000000000019',
    'medium', 'pending', '10000000-0000-0000-0000-000000000001');

-- ATTENDANCE (last 7 days)
INSERT INTO attendance (organization_id, student_id, class_id, date, status, recorded_by, parent_notified) VALUES
  ('00000000-0000-0000-0000-000000000001', '30000000-0000-0000-0000-000000000001', '20000000-0000-0000-0000-000000000001', CURRENT_DATE - 1, 'present', '10000000-0000-0000-0000-000000000002', false),
  ('00000000-0000-0000-0000-000000000001', '30000000-0000-0000-0000-000000000002', '20000000-0000-0000-0000-000000000001', CURRENT_DATE - 1, 'present', '10000000-0000-0000-0000-000000000002', false),
  ('00000000-0000-0000-0000-000000000001', '30000000-0000-0000-0000-000000000005', '20000000-0000-0000-0000-000000000003', CURRENT_DATE - 1, 'excused', '10000000-0000-0000-0000-000000000003', true),
  ('00000000-0000-0000-0000-000000000001', '30000000-0000-0000-0000-000000000004', '20000000-0000-0000-0000-000000000003', CURRENT_DATE - 1, 'present', '10000000-0000-0000-0000-000000000003', false),
  ('00000000-0000-0000-0000-000000000001', '30000000-0000-0000-0000-000000000007', '20000000-0000-0000-0000-000000000003', CURRENT_DATE - 2, 'absent',  '10000000-0000-0000-0000-000000000003', true),
  ('00000000-0000-0000-0000-000000000001', '30000000-0000-0000-0000-000000000001', '20000000-0000-0000-0000-000000000003', CURRENT_DATE - 2, 'tardy',   '10000000-0000-0000-0000-000000000003', false),
  ('00000000-0000-0000-0000-000000000001', '30000000-0000-0000-0000-000000000009', '20000000-0000-0000-0000-000000000002', CURRENT_DATE - 3, 'present', '10000000-0000-0000-0000-000000000002', false),
  ('00000000-0000-0000-0000-000000000001', '30000000-0000-0000-0000-000000000003', '20000000-0000-0000-0000-000000000002', CURRENT_DATE - 3, 'present', '10000000-0000-0000-0000-000000000002', false);
